addressee,date,location,score,magnitude
SPRING GROVE SCHOOL,12TH NOVEMBER 1863,letters/wikisource_vol1_ch1_letter1.html,-1.2000000327825546,3.4000000208616257
CHARLES BAXTER,9TH APRIL 1872,letters/wikisource_vol1_ch1_letter10.html,-0.9000000432133675,3.900000013411045
MRS. THOMAS STEVENSON,25TH JULY 1872,letters/wikisource_vol1_ch1_letter11.html,0.9000000283122063,8.500000186264515
MRS. THOMAS STEVENSON,29TH JULY 1872,letters/wikisource_vol1_ch1_letter12.html,0.10000001639127731,5.100000016391277
MRS. THOMAS STEVENSON,"AUGUST 2, 1872",letters/wikisource_vol1_ch1_letter13.html,-2.6000000908970833,12.000000037252903
THOMAS STEVENSON,"AUGUST 4, 1872",letters/wikisource_vol1_ch1_letter14.html,2.7999999672174454,8.40000006556511
MRS. THOMAS STEVENSON,AUGUST 1872,letters/wikisource_vol1_ch1_letter15.html,-1.2000000178813934,10.000000104308128
CHARLES BAXTER,"FEBRUARY 2, 1873",letters/wikisource_vol1_ch1_letter16.html,-5.500000067055225,9.500000081956387
2 SULYARDE TERRACE,APRIL 1866,letters/wikisource_vol1_ch1_letter2.html,0.09999997168779373,3.3000000193715096
MRS. THOMAS STEVENSON,"SEPTEMBER 11, 1868",letters/wikisource_vol1_ch1_letter3.html,-1.6999998912215233,13.900000102818012
MRS. THOMAS STEVENSON,"September 5, 1868",letters/wikisource_vol1_ch1_letter4.html,2.299999937415123,9.700000032782555
MRS. THOMAS STEVENSON,SEPTEMBER 1868,letters/wikisource_vol1_ch1_letter5.html,-2.5999999716877937,8.399999998509884
MRS. THOMAS STEVENSON,SEPTEMBER 1868,letters/wikisource_vol1_ch1_letter6.html,-5.399999976158142,18.200000181794167
MRS. CHURCHILL BABINGTON,SUMMER 1871,letters/wikisource_vol1_ch1_letter7.html,0.4000000059604645,11.200000077486038
ALISON CUNNINGHAM,1871,letters/wikisource_vol1_ch1_letter8.html,1.6000000312924385,3.599999986588955
CHARLES BAXTER,5TH MARCH 1872,letters/wikisource_vol1_ch1_letter9.html,2.3000001534819603,10.500000052154064
MRS. THOMAS STEVENSON,"JULY 28, 1873",letters/wikisource_vol1_ch2_letter1.html,0.5999999791383743,2.7999999970197678
MRS. THOMAS STEVENSON,"JANUARY 7, 1874",letters/wikisource_vol1_ch2_letter10.html,3.3000000417232513,7.30000002682209
MRS. SITWELL,13TH JANUARY 1874,letters/wikisource_vol1_ch2_letter11.html,3.5000000074505806,11.100000090897083
MRS. SITWELL,JANUARY 1874,letters/wikisource_vol1_ch2_letter12.html,2.4000000581145287,7.400000058114529
MRS. THOMAS STEVENSON,"MARCH 28, 1874",letters/wikisource_vol1_ch2_letter13.html,2.5000000298023224,5.100000023841858
MRS. SITWELL,MAY 1874,letters/wikisource_vol1_ch2_letter14.html,4.3999999314546585,8.600000023841858
MRS. SITWELL,MAY 1874,letters/wikisource_vol1_ch2_letter15.html,3.1000000163912773,8.100000031292439
MRS. SITWELL,"AUGUST 8, 1874",letters/wikisource_vol1_ch2_letter16.html,4.500000059604645,10.500000163912773
MRS. SITWELL,AUTUMN] 1874,letters/wikisource_vol1_ch2_letter17.html,1.6999999284744263,6.500000089406967
MRS. SITWELL,"DECEMBER 23, 1874",letters/wikisource_vol1_ch2_letter18.html,6.3999999538064,13.600000061094761
SIDNEY COLVIN,JANUARY 1875,letters/wikisource_vol1_ch2_letter19.html,-0.9999999925494194,2.6000000461935997
MRS. SITWELL,"SEPTEMBER 6, 1873",letters/wikisource_vol1_ch2_letter2.html,0.40000006556510925,11.000000044703484
MRS. SITWELL,FEBRUARY 1875,letters/wikisource_vol1_ch2_letter20.html,0.19999999552965164,8.000000081956387
SIDNEY COLVIN,"FEBRUARY 8, 1875",letters/wikisource_vol1_ch2_letter21.html,-0.8000000342726707,3.9999999925494194
MRS. SITWELL,APRIL 1875,letters/wikisource_vol1_ch2_letter22.html,1.4999999850988388,2.7000000327825546
MRS. SITWELL,APRIL 1875,letters/wikisource_vol1_ch2_letter23.html,-4.000000052154064,14.60000018030405
MRS. SITWELL,APRIL 1875,letters/wikisource_vol1_ch2_letter24.html,1.4000000432133675,8.400000102818012
MRS. SITWELL,APRIL 1875,letters/wikisource_vol1_ch2_letter25.html,6.599999986588955,19.800000183284283
MRS. SITWELL,JUNE 1875,letters/wikisource_vol1_ch2_letter26.html,2.899999998509884,3.700000010430813
MRS. SITWELL,"JUNE, 1875",letters/wikisource_vol1_ch2_letter27.html,2.000000022351742,7.599999986588955
MRS. SITWELL,"SEPTEMBER 12, 1873",letters/wikisource_vol1_ch2_letter3.html,6.500000007450581,9.900000058114529
MRS. SITWELL,"SEPTEMBER 16, 1873",letters/wikisource_vol1_ch2_letter4.html,0.6999999210238457,20.500000186264515
MRS. SITWELL,"OCTOBER 4, 1873",letters/wikisource_vol1_ch2_letter5.html,1.4999999701976776,18.700000032782555
MRS. SITWELL,"OCTOBER 14, 1873",letters/wikisource_vol1_ch2_letter6.html,1.700000025331974,7.900000087916851
MRS. THOMAS STEVENSON,"NOVEMBER 13, 1873",letters/wikisource_vol1_ch2_letter7.html,6.500000104308128,9.700000122189522
MRS. SITWELL,NOVEMBER 1873,letters/wikisource_vol1_ch2_letter8.html,-1.8999999910593033,14.100000202655792
MRS. THOMAS STEVENSON,"JANUARY 4, 1874",letters/wikisource_vol1_ch2_letter9.html,-0.20000005513429642,7.1999999806284904
MRS. THOMAS STEVENSON,AUGUST 1875,letters/wikisource_vol1_ch3_letter1.html,0.5,2.700000062584877
SIDNEY COLVIN,JULY 1876,letters/wikisource_vol1_ch3_letter10.html,4.200000055134296,4.200000055134296
MRS. SITWELL,JULY 1876,letters/wikisource_vol1_ch3_letter11.html,2.7000000178813934,3.700000047683716
W. E. HENLEY,SEPTEMBER 1876,letters/wikisource_vol1_ch3_letter12.html,-0.799999937415123,3.3999999910593033
MRS. SITWELL,MAY 1877,letters/wikisource_vol1_ch3_letter13.html,3.0000000670552254,6.800000034272671
SIDNEY COLVIN,AUGUST 1877,letters/wikisource_vol1_ch3_letter14.html,0.4999999925494194,3.6999999955296516
MRS. SITWELL,AUGUST 1877,letters/wikisource_vol1_ch3_letter15.html,0.5000000074505806,8.100000120699406
A. PATCHETT MARTIN,1877,letters/wikisource_vol1_ch3_letter16.html,0.799999974668026,4.6000000461936
A. PATCHETT MARTIN,DECEMBER 1877,letters/wikisource_vol1_ch3_letter17.html,3.499999977648258,15.300000183284283
SIDNEY COLVIN,"JANUARY 1, 1878",letters/wikisource_vol1_ch3_letter18.html,2.699999913573265,4.899999976158142
SIDNEY COLVIN,FEBRUARY 1878,letters/wikisource_vol1_ch3_letter19.html,2.2000000551342964,4.000000067055225
MRS. SITWELL,AUGUST 1875,letters/wikisource_vol1_ch3_letter2.html,1.3000000268220901,3.300000011920929
MR. AND MRS. THOMAS STEVENSON,"FEBRUARY 21, 1878",letters/wikisource_vol1_ch3_letter20.html,-0.9000000283122063,4.100000061094761
MRS. THOMAS STEVENSON,JUNE 1878,letters/wikisource_vol1_ch3_letter21.html,0.30000001192092896,2.300000011920929
MRS. THOMAS STEVENSON,SEPTEMBER 1878,letters/wikisource_vol1_ch3_letter22.html,2.600000023841858,6.400000065565109
W. E. HENLEY,SEPTEMBER 1878,letters/wikisource_vol1_ch3_letter23.html,0.4999999701976776,3.1000000089406967
CHARLES BAXTER,SEPTEMBER 1878,letters/wikisource_vol1_ch3_letter24.html,1.8999999836087227,3.100000001490116
MRS. THOMAS STEVENSON,OCTOBER 1878,letters/wikisource_vol1_ch3_letter25.html,3.4000000283122063,4.6000000312924385
W. E. HENLEY,AUTUMN 1878,letters/wikisource_vol1_ch3_letter26.html,-0.5999999567866325,4.000000067055225
EDMUND GOSSE,"APRIL 16, 1879",letters/wikisource_vol1_ch3_letter27.html,5.800000041723251,13.600000217556953
W. E. HENLEY,APRIL 1879,letters/wikisource_vol1_ch3_letter28.html,6.000000059604645,12.800000131130219
EDMUND GOSSE,"JULY 24, 1879",letters/wikisource_vol1_ch3_letter29.html,2.5000000298023224,8.499999970197678
SIDNEY COLVIN,AUTUMN] 1875,letters/wikisource_vol1_ch3_letter3.html,-2.100000023841858,14.900000140070915
SIDNEY COLVIN,"JULY 28, 1879",letters/wikisource_vol1_ch3_letter30.html,0.9000000283122063,3.099999986588955
EDMUND GOSSE,"JULY 29, 1879",letters/wikisource_vol1_ch3_letter31.html,6.499999992549419,9.500000037252903
CHARLES BAXTER,OCTOBER 1875,letters/wikisource_vol1_ch3_letter4.html,-0.2999999672174454,2.30000002682209
SIDNEY COLVIN,AUTUMN 1875,letters/wikisource_vol1_ch3_letter5.html,-1.9999999701976776,6.60000005364418
MRS. SITWELL,"NOVEMBER 12, 1875",letters/wikisource_vol1_ch3_letter6.html,2.0999999791383743,7.30000002682209
MRS. DE MATTOS,JANUARY 1876,letters/wikisource_vol1_ch3_letter7.html,-1.800000049173832,6.600000001490116
MRS SITWELL,JANUARY 1876,letters/wikisource_vol1_ch3_letter8.html,-0.8999999687075615,8.900000117719173
SIDNEY COLVIN,FEBRUARY 1876,letters/wikisource_vol1_ch3_letter9.html,-0.6000000014901161,3.8000000044703484
SIDNEY COLVIN,AUGUST 1879,letters/wikisource_vol1_ch4_letter1.html,-1.7000000178813934,7.300000101327896
P. G. HAMERTON,NOVEMBER 1879,letters/wikisource_vol1_ch4_letter10.html,-0.10000002384185791,6.500000074505806
EDMUND GOSSE,15TH NOVEMBER 1879,letters/wikisource_vol1_ch4_letter11.html,0.20000004023313522,7.000000052154064
SIDNEY COLVIN,DECEMBER 1879,letters/wikisource_vol1_ch4_letter12.html,3.500000014901161,5.9000000804662704
EDMUND GOSSE,"DEC. 8, 1879",letters/wikisource_vol1_ch4_letter13.html,4.19999985396862,14.200000077486038
SIDNEY COLVIN,"DECEMBER 26, 1879",letters/wikisource_vol1_ch4_letter14.html,2.3000000566244125,10.500000044703484
SIDNEY COLVIN,"JANUARY 10, 1880",letters/wikisource_vol1_ch4_letter15.html,-4.399999991059303,12.600000068545341
CHARLES BAXTER,"JAN. 26, '80",letters/wikisource_vol1_ch4_letter16.html,-2.400000013411045,3.400000013411045
SIDNEY COLVIN,JANUARY 1880,letters/wikisource_vol1_ch4_letter17.html,-0.800000011920929,11.000000104308128
W. E. HENLEY,FEBRUARY 1880,letters/wikisource_vol1_ch4_letter18.html,1.1999999284744263,12.20000010728836
SIDNEY COLVIN,MARCH 1880,letters/wikisource_vol1_ch4_letter19.html,-1.899999938905239,3.900000013411045
SIDNEY COLVIN,AUGUST 1879,letters/wikisource_vol1_ch4_letter2.html,-0.5000000447034836,4.700000062584877
EDMUND GOSSE,APRIL 16 [1880,letters/wikisource_vol1_ch4_letter20.html,-2.800000011920929,6.600000113248825
DR. W. BAMFORD,APRIL 1880,letters/wikisource_vol1_ch4_letter21.html,0.30000000447034836,1.5000000223517418
SIDNEY COLVIN,APRIL 1880,letters/wikisource_vol1_ch4_letter22.html,-1.2000000029802322,3.600000023841858
SIDNEY COLVIN,APRIL 1880,letters/wikisource_vol1_ch4_letter23.html,-1.399999976158142,7.200000047683716
SIDNEY COLVIN,MAY 1880,letters/wikisource_vol1_ch4_letter24.html,2.700000077486038,5.700000032782555
C. W. STODDARD,MAY 1880,letters/wikisource_vol1_ch4_letter25.html,-2.299999937415123,6.100000023841858
SIDNEY COLVIN,MAY 1880,letters/wikisource_vol1_ch4_letter26.html,3.0000001043081284,11.40000006556511
W. E. HENLEY,"AUGUST 23, 1879",letters/wikisource_vol1_ch4_letter3.html,1.199999988079071,9.000000089406967
SIDNEY COLVIN,SEPTEMBER 1879,letters/wikisource_vol1_ch4_letter4.html,3.2999999672174454,4.9000000059604645
SIDNEY COLVIN,21ST OCTOBER [1879,letters/wikisource_vol1_ch4_letter5.html,-1.6000000014901161,2.200000010430813
SIDNEY COLVIN,SEPTEMBER 1879,letters/wikisource_vol1_ch4_letter6.html,2.4000000432133675,4.000000067055225
EDMUND GOSSE,8TH OCTOBER 1879,letters/wikisource_vol1_ch4_letter7.html,-3.800000064074993,8.400000102818012
W. E. HENLEY,OCTOBER 1879,letters/wikisource_vol1_ch4_letter8.html,7.450580596923828e-09,4.000000037252903
W. E. HENLEY,OCTOBER 1879,letters/wikisource_vol1_ch4_letter9.html,6.100000061094761,16.10000019520521
A. G. DEW,NOVEMBER 1880,letters/wikisource_vol1_ch5_letter1.html,0.6000000163912773,5.000000096857548
HORATIO F. BROWN,"DAVOS, 1881",letters/wikisource_vol1_ch5_letter10.html,0.9000000283122063,2.500000052154064
HORATIO F. BROWN,"DAVOS, 1881",letters/wikisource_vol1_ch5_letter11.html,2.5,2.5
HORATIO F. BROWN,SPRING 1881,letters/wikisource_vol1_ch5_letter12.html,1.9000000208616257,4.300000101327896
MR. AND MRS. THOMAS STEVENSON,"MAY 1ST, 1881",letters/wikisource_vol1_ch5_letter13.html,1.6999999955296516,5.699999995529652
EDMUND GOSSE,"JUNE 6, 1881",letters/wikisource_vol1_ch5_letter14.html,-0.6999999359250069,6.700000055134296
SIDNEY COLVIN,JUNE 1881,letters/wikisource_vol1_ch5_letter15.html,4.1000000685453415,6.300000071525574
PROFESSOR AENEAS MACKAY,"JUNE 21, 1881",letters/wikisource_vol1_ch5_letter16.html,1.1000000163912773,2.300000049173832
PROFESSOR AENEAS MACKAY,JUNE 1881,letters/wikisource_vol1_ch5_letter17.html,1.899999961256981,5.30000002682209
EDMUND GOSSE,"JUNE 24, 1881",letters/wikisource_vol1_ch5_letter18.html,-1.0000000074505806,2.000000022351742
EDMUND GOSSE,JULY 1881,letters/wikisource_vol1_ch5_letter19.html,4.600000016391277,7.400000028312206
THOMAS STEVENSON,DECEMBER 12 [1880,letters/wikisource_vol1_ch5_letter2.html,4.100000075995922,5.500000052154064
P. G. HAMERTON,JULY 1881,letters/wikisource_vol1_ch5_letter20.html,0.5999999567866325,8.400000058114529
SIDNEY COLVIN,JULY 1881,letters/wikisource_vol1_ch5_letter21.html,2.1000000461935997,7.70000009983778
W. E. HENLEY,JULY 1881,letters/wikisource_vol1_ch5_letter22.html,2.8999999910593033,7.900000110268593
W. E. HENLEY,AUGUST] 1881,letters/wikisource_vol1_ch5_letter23.html,2.000000052154064,4.200000114738941
SIDNEY COLVIN,AUGUST 1881,letters/wikisource_vol1_ch5_letter24.html,7.500000089406967,15.500000238418579
DR. ALEXANDER JAPP,AUGUST 1881,letters/wikisource_vol1_ch5_letter25.html,0.700000025331974,3.100000061094761
MRS. SITWELL,AUGUST 1881,letters/wikisource_vol1_ch5_letter26.html,2.3000001311302185,9.700000047683716
EDMUND GOSSE,"AUGUST 10, 1881",letters/wikisource_vol1_ch5_letter27.html,2.1999999806284904,5.4000000432133675
,"AUGUST 19, 1881",letters/wikisource_vol1_ch5_letter28.html,0.10000000149011612,0.10000000149011612
EDMUND GOSSE,"AUGUST 19, 1881",letters/wikisource_vol1_ch5_letter29.html,1.9000000432133675,3.9000001028180122
EDMUND GOSSE,"DEC. 6, 1880",letters/wikisource_vol1_ch5_letter3.html,-0.19999996572732925,3.000000037252903
W. E. HENLEY,"AUGUST 25, 1881",letters/wikisource_vol1_ch5_letter30.html,-2.2000000178813934,9.600000068545341
DR. ALEXANDER JAPP,"BRAEMAR, 1881",letters/wikisource_vol1_ch5_letter31.html,-0.29999999701976776,2.5000000298023224
W. E. HENLEY,SEPTEMBER 1881,letters/wikisource_vol1_ch5_letter32.html,5.699999995529652,10.500000156462193
THOMAS STEVENSON,AUTUMN 1881,letters/wikisource_vol1_ch5_letter33.html,0.3999999836087227,1.6000000014901161
P. G. HAMERTON,AUTUMN [1881,letters/wikisource_vol1_ch5_letter34.html,0.4999999850988388,9.500000059604645
CHARLES BAXTER,"DECEMBER 5, 1881",letters/wikisource_vol1_ch5_letter35.html,-2.299999989569187,7.100000061094761
MRS. THOMAS STEVENSON,"DECEMBER 26, 1881",letters/wikisource_vol1_ch5_letter36.html,7.450580596923828e-09,5.000000037252903
ALISON CUNNINGHAM,FEBRUARY 1882,letters/wikisource_vol1_ch5_letter37.html,-1.2999999523162842,5.100000023841858
CHARLES BAXTER,22ND FEBRUARY '82,letters/wikisource_vol1_ch5_letter38.html,0.5,4.100000038743019
W. E. HENLEY,FEBRUARY 1882,letters/wikisource_vol1_ch5_letter39.html,-3.500000037252903,6.70000009983778
EDMUND GOSSE,"DEC. 19, 1880",letters/wikisource_vol1_ch5_letter4.html,0.5000000670552254,7.500000111758709
W. E. HENLEY,MARCH 1882,letters/wikisource_vol1_ch5_letter40.html,5.100000135600567,19.30000015348196
ALEXANDER IRELAND,MARCH 1882,letters/wikisource_vol1_ch5_letter41.html,5.099999889731407,12.5
EDMUND GOSSE.,"MARCH 23, 1882",letters/wikisource_vol1_ch5_letter42.html,-1.6000000014901161,4.599999986588955
DR. ALEXANDER JAPP,MARCH 1882,letters/wikisource_vol1_ch5_letter43.html,1.0000000074505806,1.400000013411045
DR. ALEXANDER JAPP,"APRIL 1, 1882",letters/wikisource_vol1_ch5_letter44.html,1.0999999195337296,7.700000017881393
W. E. HENLEY,APRIL 1882,letters/wikisource_vol1_ch5_letter45.html,3.1000000163912773,13.100000120699406
MRS. T. STEVENSON,"APRIL 9, 1882",letters/wikisource_vol1_ch5_letter46.html,3.0,7.199999988079071
EDMUND GOSSE,JUNE 1882,letters/wikisource_vol1_ch5_letter47.html,0.1000000536441803,3.700000047683716
EDMUND GOSSE,JULY 1882,letters/wikisource_vol1_ch5_letter48.html,1.2000000402331352,4.200000070035458
W. E. HENLEY,JULY 1882,letters/wikisource_vol1_ch5_letter49.html,-0.4999999850988388,7.0999999940395355
CHARLES WARREN STODDARD,DECEMBER 1880,letters/wikisource_vol1_ch5_letter5.html,0.1000000536441803,5.700000047683716
MR. AND MRS. THOMAS STEVENSON,"DECEMBER 21, 1880",letters/wikisource_vol1_ch5_letter6.html,2.699999950826168,7.9000000432133675
SIDNEY COLVIN,Christmas 1880,letters/wikisource_vol1_ch5_letter7.html,1.0999999567866325,6.90000007301569
MRS. THOMAS STEVENSON,"DECEMBER 26, 1880",letters/wikisource_vol1_ch5_letter8.html,1.8000000268220901,9.80000014603138
SIDNEY COLVIN,SPRING 1881,letters/wikisource_vol1_ch5_letter9.html,1.0999999791383743,14.100000157952309
THE EDITOR OF THE 'NEW YORK TRIBUNE',"OCTOBER 16, 1882",letters/wikisource_vol1_ch6_letter1.html,-3.399999961256981,5.600000008940697
MRS. SITWELL,APRIL 1883,letters/wikisource_vol1_ch6_letter10.html,5.9000000059604645,11.099999964237213
EDMUND GOSSE,APRIL 1883,letters/wikisource_vol1_ch6_letter11.html,4.200000017881393,6.60000005364418
MR. AND MRS. THOMAS STEVENSON,"MAY 5, [1883",letters/wikisource_vol1_ch6_letter12.html,3.6000000834465027,7.200000047683716
MR. AND MRS. THOMAS STEVENSON,"MAY 8, 1883",letters/wikisource_vol1_ch6_letter13.html,3.8000000715255737,8.600000098347664
EDMUND GOSSE,"MAY 20, 1883",letters/wikisource_vol1_ch6_letter14.html,4.9000000432133675,5.90000007301569
EDMUND GOSSE,"MAY 21, 1883",letters/wikisource_vol1_ch6_letter15.html,0.2999999523162842,5.900000095367432
W. E. HENLEY,MAY 1883,letters/wikisource_vol1_ch6_letter16.html,-0.5000000149011612,4.500000104308128
W. E. HENLEY,MAY 1883,letters/wikisource_vol1_ch6_letter17.html,-1.0000000074505806,7.200000084936619
W. E. HENLEY,MAY 1883,letters/wikisource_vol1_ch6_letter18.html,2.0000000074505806,2.8000000193715096
W. E. HENLEY,JUNE 1883,letters/wikisource_vol1_ch6_letter19.html,6.999999925494194,13.800000086426735
R. A. M. STEVENSON,OCTOBER 1882,letters/wikisource_vol1_ch6_letter2.html,3.399999998509884,4.399999998509884
W. E. HENLEY,SUMMER 1883,letters/wikisource_vol1_ch6_letter20.html,0.8000000640749931,6.400000087916851
ALISON CUNNINGHAM,SUMMER 1883,letters/wikisource_vol1_ch6_letter21.html,2.8999999836087227,8.900000058114529
W. E. HENLEY,SUMMER 1883,letters/wikisource_vol1_ch6_letter22.html,4.100000075995922,9.10000016540289
EDMUND GOSSE,SUMMER 1883,letters/wikisource_vol1_ch6_letter23.html,7.299999982118607,9.500000059604645
W. E. HENLEY,"SEPTEMBER 19, 1883",letters/wikisource_vol1_ch6_letter24.html,1.199999950826168,17.000000186264515
EDMUND GOSSE,26TH SEPTEMBER 1883,letters/wikisource_vol1_ch6_letter25.html,-0.19999997317790985,7.800000071525574
SIDNEY COLVIN,OCTOBER 1883,letters/wikisource_vol1_ch6_letter26.html,2.2999999672174454,13.7000000923872
W. H. LOW,OCTOBER [1883,letters/wikisource_vol1_ch6_letter27.html,5.299999982118607,11.5
R. A. M. STEVENSON,OCTOBER 1883,letters/wikisource_vol1_ch6_letter28.html,2.8000000789761543,18.400000162422657
THOMAS STEVENSON,12TH OCTOBER 1883,letters/wikisource_vol1_ch6_letter29.html,1.1999999582767487,8.600000023841858
THOMAS STEVENSON,17TH OCTOBER 1882,letters/wikisource_vol1_ch6_letter3.html,3.1999999433755875,5.19999997317791
W H LOW,"OCT. 23, 1883",letters/wikisource_vol1_ch6_letter30.html,3.9000000283122063,8.100000105798244
W. E. HENLEY,NOVEMBER 1883,letters/wikisource_vol1_ch6_letter31.html,2.000000074505806,9.2000000923872
MRS. THOMAS STEVENSON,NOVEMBER 1883,letters/wikisource_vol1_ch6_letter32.html,0.19999990612268448,8.000000052154064
SIDNEY COLVIN,NOVEMBER 1883,letters/wikisource_vol1_ch6_letter33.html,-0.4000000134110451,5.000000037252903
MRS. MILNE,NOVEMBER 1883,letters/wikisource_vol1_ch6_letter34.html,2.2000000029802322,8.40000008046627
MISS FERRIER,"NOVEMBER 22, 1883",letters/wikisource_vol1_ch6_letter35.html,4.1000001057982445,8.90000007301569
W. H. LOW,13TH DECEMBER 1883,letters/wikisource_vol1_ch6_letter36.html,3.6999999806284904,5.700000040233135
THOMAS STEVENSON,"DECEMBER 20, 1883",letters/wikisource_vol1_ch6_letter37.html,4.1999999806284904,7.800000034272671
MR. AND MRS. THOMAS STEVENSON,"DECEMBER 25, 1883",letters/wikisource_vol1_ch6_letter38.html,1.6999999806284904,2.3000000044703484
MRS. THOMAS STEVENSON,LAST SUNDAY OF '83,letters/wikisource_vol1_ch6_letter39.html,2.0000000074505806,9.400000028312206
MRS. THOMAS STEVENSON,"NOVEMBER 13, 1882",letters/wikisource_vol1_ch6_letter4.html,1.1999999955296516,6.000000022351742
MR. AND MRS. THOMAS STEVENSON,JANUARY 1 (1884,letters/wikisource_vol1_ch6_letter40.html,1.8999999314546585,7.69999997317791
SIDNEY COLVIN,9TH MARCH 1884,letters/wikisource_vol1_ch6_letter41.html,1.0999997407197952,24.30000002682209
MR. DICK,12TH MARCH 1884,letters/wikisource_vol1_ch6_letter42.html,1.6000000312924385,6.4000000432133675
COSMO MONKHOUSE,"MARCH 16, 1884",letters/wikisource_vol1_ch6_letter43.html,-3.2000000029802322,12.600000143051147
EDMUND GOSSE,"MARCH 17, 1884",letters/wikisource_vol1_ch6_letter44.html,4.59999992698431,10.800000004470348
MISS FERRIER,"MARCH 22, 1884",letters/wikisource_vol1_ch6_letter45.html,0.5000000223517418,5.899999998509884
W. H. LOW,APRIL 1884,letters/wikisource_vol1_ch6_letter46.html,3.0999999567866325,5.700000055134296
THOMAS STEVENSON,"APRIL 19, 1884",letters/wikisource_vol1_ch6_letter47.html,3.300000011920929,7.10000005364418
COSMO MONKHOUSE,"APRIL 24, 1884",letters/wikisource_vol1_ch6_letter48.html,0.2999999597668648,7.700000040233135
W. E. HENLEY,MAY 1884,letters/wikisource_vol1_ch6_letter49.html,3.2000000327825546,5.8000000566244125
CHARLES BAXTER,12TH JANUARY '83,letters/wikisource_vol1_ch6_letter5.html,2.500000037252903,7.3000000938773155
EDMUND GOSSE,"MAY 29, 1884",letters/wikisource_vol1_ch6_letter50.html,0.5000000447034836,7.500000044703484
MR. AND MRS. THOMAS STEVENSON,JULY 1884,letters/wikisource_vol1_ch6_letter51.html,-0.8999999910593033,4.500000059604645
SIDNEY COLVIN,JULY 1884,letters/wikisource_vol1_ch6_letter52.html,0.79999990016222,9.000000067055225
ALISON CUNNINGHAM,FEBRUARY 1883,letters/wikisource_vol1_ch6_letter6.html,3.2000000029802322,5.4000000059604645
W. E. HENLEY,MARCH 1883,letters/wikisource_vol1_ch6_letter7.html,4.400000154972076,17.800000205636024
MRS. THOMAS STEVENSON,"MARCH 2, [1883",letters/wikisource_vol1_ch6_letter8.html,3.5999999940395355,6.000000059604645
THOMAS STEVENSON,"MARCH 17, 1883",letters/wikisource_vol1_ch6_letter9.html,3.4999999925494194,10.499999903142452
MR. AND MRS. THOMAS STEVENSON,28TH SEPTEMBER 1884,letters/wikisource_vol1_ch7_letter1.html,-0.4000000134110451,2.8000000342726707
CHARLES BAXTER,13TH NOVEMBER 1884,letters/wikisource_vol1_ch7_letter10.html,-0.7000000104308128,2.90000007301569
MISS FERRIER,"NOVEMBER 12, 1884",letters/wikisource_vol1_ch7_letter11.html,0.30000006407499313,4.100000016391277
EDMUND GOSSE,"NOV. 15, 1884",letters/wikisource_vol1_ch7_letter12.html,0.7000000104308128,5.299999944865704
AUSTIN DOBSON,DECEMBER 1884,letters/wikisource_vol1_ch7_letter13.html,-1.100000038743019,1.5000000447034836
HENRY JAMES,"DECEMBER 8, 1884",letters/wikisource_vol1_ch7_letter14.html,0.6000000387430191,11.800000131130219
MR. AND MRS. THOMAS STEVENSON,"DECEMBER 9, 1884",letters/wikisource_vol1_ch7_letter15.html,-0.19999995082616806,5.999999992549419
W. E. HENLEY,DECEMBER 1884,letters/wikisource_vol1_ch7_letter16.html,-4.1000000312924385,6.100000075995922
W. E. HENLEY,"WINTER, 1884",letters/wikisource_vol1_ch7_letter17.html,-0.19999996572732925,5.000000067055225
H. A. JONES,"DEC. 30, 1884",letters/wikisource_vol1_ch7_letter18.html,1.1000000014901161,1.1000000014901161
SIDNEY COLVIN,"JAN. 4, 1885",letters/wikisource_vol1_ch7_letter19.html,2.8000000193715096,4.800000064074993
W. E. HENLEY,OCTOBER 1884,letters/wikisource_vol1_ch7_letter2.html,6.300000078976154,15.700000159442425
THOMAS STEVENSON,14TH JANUARY 1885,letters/wikisource_vol1_ch7_letter20.html,2.3000000342726707,8.500000022351742
SIDNEY COLVIN,JANUARY 1885,letters/wikisource_vol1_ch7_letter21.html,0.19999998807907104,5.200000002980232
SIDNEY COLVIN,FEBRUARY 1885,letters/wikisource_vol1_ch7_letter22.html,0.29999998211860657,6.299999997019768
J. A. SYMONDS,FEBRUARY 1885,letters/wikisource_vol1_ch7_letter23.html,0.49999991059303284,12.300000101327896
EDMUND GOSSE,"MARCH 12, 1885",letters/wikisource_vol1_ch7_letter24.html,0.4999999552965164,13.900000125169754
W. H. LOW,"MARCH 13, 1885",letters/wikisource_vol1_ch7_letter25.html,5.000000141561031,9.400000058114529
P. G. HAMERTON,"MARCH 16, 1885",letters/wikisource_vol1_ch7_letter26.html,-0.6999999955296516,12.900000102818012
WILLIAM ARCHER,"MARCH 29, 1885",letters/wikisource_vol1_ch7_letter27.html,3.3999999687075615,5.200000025331974
MRS. FLEEMING JENKIN,JUNE 1885,letters/wikisource_vol1_ch7_letter28.html,5.200000070035458,8.400000058114529
MRS. FLEEMING JENKIN,JUNE 1885,letters/wikisource_vol1_ch7_letter29.html,4.799999982118607,9.600000098347664
THE REV. PROFESSOR LEWIS CAMPBELL,NOVEMBER 1884,letters/wikisource_vol1_ch7_letter3.html,2.9000000432133675,4.90000007301569
W. H. LOW,"OCTOBER 22, 1885",letters/wikisource_vol1_ch7_letter30.html,-1.6000000089406967,7.40000019967556
W. E. HENLEY,AUTUMN 1885,letters/wikisource_vol1_ch7_letter31.html,-0.10000000149011612,5.700000040233135
WILLIAM ARCHER,"OCTOBER 28, 1885",letters/wikisource_vol1_ch7_letter32.html,5.500000171363354,10.700000129640102
THOMAS STEVENSON,"OCTOBER 28, 1885",letters/wikisource_vol1_ch7_letter33.html,-0.6999999955296516,6.500000052154064
HENRY JAMES,"OCTOBER 28, 1885",letters/wikisource_vol1_ch7_letter34.html,3.1000000685453415,7.300000071525574
WILLIAM ARCHER,"OCTOBER 30, 1885",letters/wikisource_vol1_ch7_letter35.html,1.0000000074505806,10.800000123679638
WILLIAM ARCHER,"NOVEMBER 1, 1885",letters/wikisource_vol1_ch7_letter36.html,-0.4999999925494194,14.900000102818012
W. H. LOW,"DECEMBER 26, 1885",letters/wikisource_vol1_ch7_letter37.html,0.6000000461935997,5.399999998509884
ANDREW CHATTO,"OCTOBER 3, 1884",letters/wikisource_vol1_ch7_letter4.html,2.1000000461935997,2.500000052154064
W. H. LOW,"JANUARY 3, 1885",letters/wikisource_vol1_ch7_letter5.html,0.09999998658895493,6.900000147521496
THOMAS STEVENSON,NOVEMBER 1884,letters/wikisource_vol1_ch7_letter6.html,0.8999999910593033,5.500000089406967
W. E. HENLEY,NOVEMBER 1884,letters/wikisource_vol1_ch7_letter7.html,-3.725290298461914e-08,2.000000022351742
THOMAS STEVENSON,"NOVEMBER 5, 1884",letters/wikisource_vol1_ch7_letter8.html,-1.6000000014901161,4.200000055134296
CHARLES BAXTER,"NOVEMBER 11, [1884",letters/wikisource_vol1_ch7_letter9.html,0.6000000238418579,1.8000000268220901
SIDNEY COLVIN,JULY 1888,letters/wikisource_vol2_ch10_letter1.html,1.2999998703598976,6.8999999538064
J. A. SYMONDS,NOVEMBER 11TH 1888,letters/wikisource_vol2_ch10_letter10.html,4.000000022351742,7.200000070035458
THOMAS ARCHER,NOVEMBER 1888,letters/wikisource_vol2_ch10_letter11.html,5.600000083446503,12.400000125169754
SIDNEY COLVIN,"14TH JANUARY, 1889",letters/wikisource_vol2_ch10_letter12.html,2.999999910593033,11.800000041723251
E. L. BURLINGAME,JANUARY 1889,letters/wikisource_vol2_ch10_letter13.html,1.799999974668026,16.600000120699406
CHARLES BAXTER,"FEBRUARY 8TH, 1889",letters/wikisource_vol2_ch10_letter14.html,2.2000000029802322,5.5999999940395355
R. A. M. STEVENSON,FEBRUARY 1889,letters/wikisource_vol2_ch10_letter15.html,-0.3000001087784767,17.30000016838312
MARCEL SCHWOB,"FEBRUARY 8TH, 1889",letters/wikisource_vol2_ch10_letter16.html,1.300000011920929,1.9000000357627869
CHARLES BAXTER,8TH MARCH 1889,letters/wikisource_vol2_ch10_letter17.html,1.6999999061226845,6.500000037252903
HENRY JAMES,MARCH 1889,letters/wikisource_vol2_ch10_letter18.html,0.09999998658895493,6.500000111758709
SIDNEY COLVIN,"APRIL 2ND, 1889",letters/wikisource_vol2_ch10_letter19.html,-0.3999999612569809,8.000000029802322
CHARLES BAXTER,"SEPTEMBER 6TH, 1888",letters/wikisource_vol2_ch10_letter2.html,-1.1999999582767487,5.200000017881393
E. L. BURLINGAME,APRIL 1889,letters/wikisource_vol2_ch10_letter20.html,1.3999999910593033,5.200000092387199
MISS ADELAIDE BOODLE,"APRIL 6TH, 1889",letters/wikisource_vol2_ch10_letter21.html,1.099999986588955,19.100000135600567
CHARLES BAXTER,APRIL 1889,letters/wikisource_vol2_ch10_letter22.html,1.5000000074505806,4.1000000312924385
CHARLES BAXTER,10TH MAY 1889,letters/wikisource_vol2_ch10_letter23.html,1.599999986588955,7.000000007450581
W. H. LOW,20TH MAY '89,letters/wikisource_vol2_ch10_letter24.html,0.09999999403953552,4.900000035762787
MRS. R. L. STEVENSON,MAY 1889,letters/wikisource_vol2_ch10_letter25.html,-1.1999999806284904,16.000000201165676
SIDNEY COLVIN,JUNE 1889,letters/wikisource_vol2_ch10_letter26.html,2.1000000312924385,11.100000001490116
JAMES PAYN,"JUNE 13TH, 1889",letters/wikisource_vol2_ch10_letter27.html,-0.4999999403953552,6.499999970197678
SIDNEY COLVIN,"AUGUST 22ND, 1889",letters/wikisource_vol2_ch10_letter28.html,8.699999891221523,20.1000000461936
SIDNEY COLVIN,"DECEMBER 2ND, 1889",letters/wikisource_vol2_ch10_letter29.html,12.300000138580799,22.900000266730785
SIDNEY COLVIN,"SEPTEMBER 21ST, 1888",letters/wikisource_vol2_ch10_letter3.html,0.8000000044703484,6.200000010430813
E. L. BURLINGAME,4TH DECEMBER 1889,letters/wikisource_vol2_ch10_letter30.html,4.400000102818012,7.600000150501728
CHARLES BAXTER,DECEMBER 1889,letters/wikisource_vol2_ch10_letter31.html,4.400000102818012,13.800000093877316
DR. SCOTT,"JANUARY 20TH, 1890",letters/wikisource_vol2_ch10_letter32.html,-2.5999999418854713,5.799999974668026
CHARLES BAXTER,FEBRUAR DEN 3EN 1890,letters/wikisource_vol2_ch10_letter33.html,1.5999999418854713,8.200000114738941
E. L. BURLINGAME,FEBRUARY] 1890,letters/wikisource_vol2_ch10_letter34.html,0.700000062584877,12.500000238418579
JAMES PAYN,"FEBRUARY 4TH, 1890",letters/wikisource_vol2_ch10_letter35.html,-0.3999999463558197,5.200000002980232
CHARLES BAXTER,"MARCH 7TH, 1890",letters/wikisource_vol2_ch10_letter36.html,-0.7000000327825546,5.299999967217445
SIDNEY COLVIN,SPRING 1890,letters/wikisource_vol2_ch10_letter37.html,-3.499999962747097,8.899999998509884
E. L. BURLINGAME,"JULY 13th, '90",letters/wikisource_vol2_ch10_letter38.html,3.5999999195337296,23.400000154972076
CHARLES BAXTER,AUGUST 1890,letters/wikisource_vol2_ch10_letter39.html,2.000000052154064,15.00000024586916
CHARLES BAXTER,6TH OCTOBER 1888,letters/wikisource_vol2_ch10_letter4.html,2.500000037252903,6.500000081956387
E. L. BURLINGAME,AUGUST 1890,letters/wikisource_vol2_ch10_letter40.html,-0.8999999836087227,4.700000070035458
HENRY JAMES,AUGUST 1890,letters/wikisource_vol2_ch10_letter41.html,1.2999999448657036,8.900000102818012
MARCEL SCHWOB,"AUGUST 19TH, 1890",letters/wikisource_vol2_ch10_letter42.html,-1.100000113248825,11.500000223517418
ANDREW LANG,AUGUST 1890,letters/wikisource_vol2_ch10_letter43.html,0.10000000894069672,2.700000062584877
MRS. CHARLES FAIRCHILD,SEPTEMBER 1890,letters/wikisource_vol2_ch10_letter44.html,1.3000000640749931,9.700000040233135
MISS ADELAIDE BOODLE,"OCTOBER 10TH, 1888",letters/wikisource_vol2_ch10_letter5.html,-1.300000086426735,3.700000047683716
SIDNEY COLVIN,"OCTOBER 16TH, 1888",letters/wikisource_vol2_ch10_letter6.html,2.900000050663948,9.100000038743019
WILLIAM AND THOMAS ARCHER,"OCTOBER 17TH, 1888",letters/wikisource_vol2_ch10_letter7.html,0.3999999985098839,3.6000000461935997
CHARLES BAXTER,NOVEMBER 1888,letters/wikisource_vol2_ch10_letter8.html,1.2999999970197678,4.500000059604645
TAUTIRA,10TH NOVEMBER '88,letters/wikisource_vol2_ch10_letter9.html,1.3999999538064003,5.400000013411045
E. L BURLINGAME,"NOV. 7, 1890",letters/wikisource_vol2_ch11_letter1.html,1.2000000104308128,7.40000007301569
MISS RAWLINSON,APRIL 1891,letters/wikisource_vol2_ch11_letter10.html,4.300000108778477,12.300000123679638
MISS ADELAIDE BOODLE,MAY 1891,letters/wikisource_vol2_ch11_letter11.html,0.5000000074505806,5.500000096857548
CHARLES BAXTER,19TH MAY '91,letters/wikisource_vol2_ch11_letter12.html,1.7000000402331352,5.900000087916851
E. L. BURLINGAME,SUMMER 1891,letters/wikisource_vol2_ch11_letter13.html,0.5999999865889549,3.000000037252903
W. CRAIBE ANGUS,SUMMER 1891,letters/wikisource_vol2_ch11_letter14.html,-1.8999999910593033,6.900000110268593
H. C. IDE ,"JUNE 19, 1891",letters/wikisource_vol2_ch11_letter15.html,3.1000000163912773,3.9000000283122063
HENRY JAMES,OCTOBER 1891,letters/wikisource_vol2_ch11_letter16.html,6.0,10.400000035762787
E. L. BURLINGAME,"OCTOBER 8TH, 1891",letters/wikisource_vol2_ch11_letter17.html,0.5000000298023224,3.900000035762787
E. L. BURLINGAME,AUTUMN 1891,letters/wikisource_vol2_ch11_letter18.html,0.40000007301568985,4.600000061094761
W. CRAIBE ANGUS,NOVEMBER 1891,letters/wikisource_vol2_ch11_letter19.html,1.0999999567866325,5.500000022351742
E. L. BURLINGAME,DECEMBER 1890,letters/wikisource_vol2_ch11_letter2.html,0.4999999701976776,8.100000128149986
MISS ANNIE H. IDE,NOVEMBER 1891,letters/wikisource_vol2_ch11_letter20.html,5.000000022351742,7.200000070035458
FRED ORR,"NOVEMBER 28TH, 1891",letters/wikisource_vol2_ch11_letter21.html,3.300000064074993,3.90000007301569
E. L. BURLINGAME,DECEMBER 1891,letters/wikisource_vol2_ch11_letter22.html,-0.7999999672174454,6.200000062584877
HENRY JAMES,"DECEMBER 7TH, 1891",letters/wikisource_vol2_ch11_letter23.html,2.9000000283122063,9.500000022351742
E. L. BURLINGAME,"JAN 2ND, '92",letters/wikisource_vol2_ch11_letter24.html,0.5999999642372131,9.000000029802322
J. M. BARRIE,FEBRUARY 1892,letters/wikisource_vol2_ch11_letter25.html,1.7000000029802322,6.100000038743019
WILLIAM MORRIS,FEB. 1892,letters/wikisource_vol2_ch11_letter26.html,3.200000010430813,4.000000022351742
MRS. CHARLES FAIRCHILD,MARCH 1892,letters/wikisource_vol2_ch11_letter27.html,3.9000001177191734,18.10000019520521
E. L. BURLINGAME,MARCH 1892,letters/wikisource_vol2_ch11_letter28.html,0.9000000208616257,3.900000050663948
T. W. DOVER,"JUNE 20TH, 1892",letters/wikisource_vol2_ch11_letter29.html,-1.7000000551342964,4.700000025331974
HENRY JAMES,"DECEMBER 29TH, 1890",letters/wikisource_vol2_ch11_letter3.html,5.960464477539063e-08,15.600000202655792
E. L. BURLINGAME,SUMMER 1892,letters/wikisource_vol2_ch11_letter30.html,1.7000000700354576,6.50000012665987
CHARLES BAXTER,18TH JULY 1892,letters/wikisource_vol2_ch11_letter31.html,1.6000000908970833,4.40000007301569
W. E. HENLEY,"AUGUST 1ST, 1892",letters/wikisource_vol2_ch11_letter32.html,0.8000000268220901,6.800000086426735
E. L. BURLINGAME,"AUGUST 1st, '92",letters/wikisource_vol2_ch11_letter33.html,1.3999999910593033,3.8000000566244125
ANDREW LANG,AUGUST 1892,letters/wikisource_vol2_ch11_letter34.html,0.5999999567866325,6.600000061094761
THE COUNTESS OF JERSEY,"AUGUST 14, 1745",letters/wikisource_vol2_ch11_letter35.html,1.9999999776482582,2.600000001490116
THE COUNTESS OF JERSEY,,letters/wikisource_vol2_ch11_letter36.html,1.3000000193715096,2.500000052154064
MRS. CHARLES FAIRCHILD,AUGUST 1892,letters/wikisource_vol2_ch11_letter37.html,6.300000064074993,13.100000120699406
GORDON BROWNE,AUTUMN 1892,letters/wikisource_vol2_ch11_letter38.html,3.8000000417232513,4.200000047683716
MISS MORSE,"OCTOBER 7TH, 1892",letters/wikisource_vol2_ch11_letter39.html,3.7000000402331352,5.300000064074993
RUDYARD KIPLING,"VAILIMA, 1891",letters/wikisource_vol2_ch11_letter4.html,0.9999999701976776,5.60000005364418
E. L. BURLINGAME,"OCT. 10TH, 1892",letters/wikisource_vol2_ch11_letter40.html,0.19999998807907104,3.0000000447034836
J. M. BARRIE,"NOVEMBER 1ST, 1892",letters/wikisource_vol2_ch11_letter41.html,2.500000052154064,10.500000141561031
E. L. BURLINGAME,"NOV. 2ND, 1892",letters/wikisource_vol2_ch11_letter42.html,2.100000038743019,4.10000005364418
LIEUTENANT EELES,"NOVEMBER 15TH, 1892",letters/wikisource_vol2_ch11_letter43.html,8.799999997019768,19.200000122189522
CHARLES BAXTER,1ST DEC. '92,letters/wikisource_vol2_ch11_letter44.html,0.8999999612569809,4.100000023841858
MRS. JENKIN,"DECEMBER 5TH, 1892",letters/wikisource_vol2_ch11_letter45.html,4.200000017881393,5.200000017881393
HENRY JAMES,"DECEMBER 5TH, 1892",letters/wikisource_vol2_ch11_letter46.html,-0.0999997928738594,14.900000043213367
J. M. BARRIE,"DECEMBER 5TH, 1892",letters/wikisource_vol2_ch11_letter47.html,3.400000035762787,14.000000163912773
MARCEL SCHWOB,"JANUARY 19th, 1891",letters/wikisource_vol2_ch11_letter5.html,0.0,10.600000068545341
CHARLES BAXTER,MARCH 1891,letters/wikisource_vol2_ch11_letter6.html,0.6000000461935997,3.600000075995922
H. B. BAILDON,1891,letters/wikisource_vol2_ch11_letter7.html,-1.8000000417232513,10.200000062584877
W. CRAIBE ANGUS,APRIL 1891,letters/wikisource_vol2_ch11_letter8.html,0.30000005662441254,8.700000137090683
EDMUND GOSSE,APRIL 1891,letters/wikisource_vol2_ch11_letter9.html,3.90000007301569,18.700000144541264
CHARLES BAXTER,"APRIL, 1893",letters/wikisource_vol2_ch12_letter1.html,1.400000050663948,6.400000140070915
A. CONAN DOYLE,"AUGUST 23RD, 1893",letters/wikisource_vol2_ch12_letter10.html,7.40000007301569,9.400000147521496
GEORGE MEREDITH,"SEPT. 5TH, 1893",letters/wikisource_vol2_ch12_letter11.html,3.9999999925494194,13.600000090897083
AUGUSTUS ST. GAUDENS,SEPTEMBER 1893,letters/wikisource_vol2_ch12_letter12.html,-1.9000000357627869,5.700000062584877
J. HORNE STEVENSON,"NOVEMBER 5TH, 1893",letters/wikisource_vol2_ch12_letter13.html,2.7999999821186066,5.400000050663948
JOHN P,"DECEMBER 3RD, 1893",letters/wikisource_vol2_ch12_letter14.html,1.8000000268220901,1.8000000268220901
RUSSELL P,"DECEMBER 3RD, 1893",letters/wikisource_vol2_ch12_letter15.html,0.5000000149011612,0.7000000178813934
ALISON CUNNINGHAM,"DECEMBER 5, 1893",letters/wikisource_vol2_ch12_letter16.html,3.4000000059604645,6.200000047683716
CHARLES BAXTER,"OCTOBER 25, 1685",letters/wikisource_vol2_ch12_letter17.html,1.5000000223517418,5.300000034272671
J. M. BARRIE,"DECEMBER 7TH, 1893",letters/wikisource_vol2_ch12_letter18.html,3.299999989569187,13.900000043213367
R. LE GALLIENNE,"DECEMBER 28TH, 1893",letters/wikisource_vol2_ch12_letter19.html,-2.500000052154064,7.3000000938773155
A. CONAN DOYLE,"APRIL 5TH, 1893",letters/wikisource_vol2_ch12_letter2.html,1.7999999970197678,2.6000000089406967
MRS. A. BAKER,DECEMBER 1893,letters/wikisource_vol2_ch12_letter20.html,1.800000011920929,2.2000000178813934
HENRY JAMES,DECEMBER 1893,letters/wikisource_vol2_ch12_letter21.html,0.5999999865889549,5.000000052154064
CHARLES BAXTER,1ST JANUARY '94,letters/wikisource_vol2_ch12_letter22.html,0.6999999508261681,4.500000037252903
H. B. BAILDON,"JANUARY 15TH, 1894",letters/wikisource_vol2_ch12_letter23.html,2.9000001028180122,7.300000034272671
W. H. LOW.,"JANUARY 15th, 1894",letters/wikisource_vol2_ch12_letter24.html,3.100000061094761,14.500000216066837
H. B. BAILDON,"JANUARY 30TH, 1894",letters/wikisource_vol2_ch12_letter25.html,3.6000000163912773,5.199999995529652
J. H. BATES,"MARCH 25TH, 1894",letters/wikisource_vol2_ch12_letter26.html,1.8999999836087227,2.299999989569187
WILLIAM ARCHER,"MARCH 27TH, 1894",letters/wikisource_vol2_ch12_letter27.html,4.900000050663948,13.100000113248825
W. B. YEATS,"APRIL 14, 1894",letters/wikisource_vol2_ch12_letter28.html,2.000000037252903,2.2000000402331352
GEORGE MEREDITH,"APRIL 17TH, 1894",letters/wikisource_vol2_ch12_letter29.html,5.6999999433755875,9.299999997019768
S. R. CROCKETT,"MAY 17TH, 1893",letters/wikisource_vol2_ch12_letter3.html,-0.9000000432133675,13.300000183284283
CHARLES BAXTER,"APRIL 17, '94",letters/wikisource_vol2_ch12_letter30.html,-1.2999999821186066,3.9000000208616257
MRS. SITWELL,APRIL 1894,letters/wikisource_vol2_ch12_letter31.html,-1.8000000268220901,4.200000092387199
CHARLES BAXTER,MAY 1894,letters/wikisource_vol2_ch12_letter32.html,0.8000000491738319,8.400000028312206
R. A. M. STEVENSON,JUNE 1894,letters/wikisource_vol2_ch12_letter33.html,-1.1999999284744263,30.600000277161598
HENRY JAMES,"JULY 7TH, 1894",letters/wikisource_vol2_ch12_letter34.html,1.3999999016523361,17.200000062584877
MR. MARCEL SCHWOB,"JULY 7, 1894",letters/wikisource_vol2_ch12_letter35.html,2.999999925494194,5.600000008940697
A. ST. GAUDENS,"JULY 8, 1894",letters/wikisource_vol2_ch12_letter36.html,0.5999999493360519,2.999999985098839
MISS ADELAIDE BOODLE,"JULY 14, 1894",letters/wikisource_vol2_ch12_letter37.html,-0.5000000223517418,16.700000263750553
MRS. BAKER,"JULY 16, 1894",letters/wikisource_vol2_ch12_letter38.html,2.30000002682209,2.30000002682209
J. M. BARRIE,"JULY 13, 1894",letters/wikisource_vol2_ch12_letter39.html,6.900000035762787,37.70000021159649
AUGUSTUS ST. GAUDENS,"MAY 29TH, 1893",letters/wikisource_vol2_ch12_letter4.html,2.9000000432133675,8.500000096857548
DR. BAKEWELL,"AUGUST 7, 1894",letters/wikisource_vol2_ch12_letter40.html,-0.6999999955296516,3.299999974668026
JAMES PAYN,"AUGUST 11, 1894",letters/wikisource_vol2_ch12_letter41.html,0.6000000685453415,20.000000089406967
MISS MIDDLETON,"SEPTEMBER 9, 1894",letters/wikisource_vol2_ch12_letter42.html,-0.20000001788139343,2.8000000566244125
A. CONAN DOYLE,"SEPTEMBER 9, 1894",letters/wikisource_vol2_ch12_letter43.html,0.3999999910593033,2.4000000208616257
CHARLES BAXTER,SEPTEMBER 1894,letters/wikisource_vol2_ch12_letter44.html,4.200000010430813,5.200000025331974
R. A. M. STEVENSON,"May 26, 1774",letters/wikisource_vol2_ch12_letter45.html,-3.4000000059604645,30.400000125169754
SIR HERBERT MAXWELL,"SEPTEMBER 10, 1894",letters/wikisource_vol2_ch12_letter46.html,1.600000038743019,1.600000038743019
ALISON CUNNINGHAM,OCTOBER 8TH 1894,letters/wikisource_vol2_ch12_letter47.html,3.000000022351742,6.799999989569187
JAMES PAYN,"NOV. 4, 1894",letters/wikisource_vol2_ch12_letter48.html,-1.5000000447034836,12.899999931454659
LIEUTENANT EELES,"NOVEMBER 24, 1894",letters/wikisource_vol2_ch12_letter49.html,0.09999997913837433,6.300000086426735
EDMUND GOSSE,"JUNE 10TH, 1893",letters/wikisource_vol2_ch12_letter5.html,0.4999999478459358,21.70000011473894
SIR HERBERT MAXWELL,"DECEMBER 1, 1894",letters/wikisource_vol2_ch12_letter50.html,2.700000062584877,2.700000062584877
ANDREW LANG,"DECEMBER 1, 1894",letters/wikisource_vol2_ch12_letter51.html,1.199999988079071,3.5999999940395355
EDMUND GOSSE,"DECEMBER 1, 1894",letters/wikisource_vol2_ch12_letter52.html,8.899999998509884,18.50000026077032
HENRY JAMES,"JUNE 17TH, 1893",letters/wikisource_vol2_ch12_letter6.html,-0.5000000074505806,26.099999971687794
HENRY JAMES,JULY 1893,letters/wikisource_vol2_ch12_letter7.html,-0.6999999731779099,6.900000050663948
A. CONAN DOYLE,"JULY 12, 1893",letters/wikisource_vol2_ch12_letter8.html,0.5000000223517418,5.700000070035458
CHARLES BAXTER,19TH JULY '93,letters/wikisource_vol2_ch12_letter9.html,-0.7999999672174454,4.800000011920929
MRS. DE MATTOS,"JANUARY 1ST, 1886",letters/wikisource_vol2_ch8_letter1.html,1.8999999687075615,4.499999992549419
J. A. SYMONDS,SPRING 1886,letters/wikisource_vol2_ch8_letter10.html,-1.4000000283122063,14.599999971687794
W. H. LOW,MARCH 1886,letters/wikisource_vol2_ch8_letter11.html,3.1999999955296516,7.8000000193715096
MRS. FLEEMING JENKIN,APRIL 1886,letters/wikisource_vol2_ch8_letter12.html,5.500000044703484,9.300000160932541
THOMAS STEVENSON,March 1886,letters/wikisource_vol2_ch8_letter13.html,1.200000062584877,3.400000110268593
MRS. FLEEMING JENKIN,"APRIL 15 OR 16 (THE HOUR NOT BEING KNOWN), 1886",letters/wikisource_vol2_ch8_letter14.html,-12.400000147521496,28.000000290572643
MRS. FLEEMING JENKIN,APRIL 1886,letters/wikisource_vol2_ch8_letter15.html,0.2999999597668648,7.900000147521496
MISS RAWLINSON,APRIL 1886,letters/wikisource_vol2_ch8_letter16.html,1.5000000149011612,1.5000000149011612
MISS MONROE,"MAY 25TH, 1886",letters/wikisource_vol2_ch8_letter17.html,1.2000000178813934,5.000000089406967
MISS MONROE,JUNE 1886,letters/wikisource_vol2_ch8_letter18.html,-3.1999999433755875,10.800000071525574
R. A. M. STEVENSON,JULY 1886,letters/wikisource_vol2_ch8_letter19.html,3.7000000700354576,9.500000037252903
ALISON CUNNINGHAM,1886,letters/wikisource_vol2_ch8_letter2.html,-2.1999999433755875,8.999999985098839
R. A. M. STEVENSON,JULY 1886,letters/wikisource_vol2_ch8_letter20.html,-0.20000004023313522,1.8000000193715096
MR. AND MRS. THOMAS STEVENSON,"JULY 7TH, 1886",letters/wikisource_vol2_ch8_letter21.html,0.30000001192092896,4.700000107288361
CHARLES BAXTER,JULY 1886,letters/wikisource_vol2_ch8_letter22.html,0.4000000134110451,1.400000013411045
THOMAS STEVENSON,"JULY 28, 1886",letters/wikisource_vol2_ch8_letter23.html,0.6000000461935997,4.200000040233135
MRS. THOMAS STEVENSON,"AUGUST 10TH, 1886",letters/wikisource_vol2_ch8_letter24.html,1.8000000342726707,3.0000000819563866
T. WATTS,SEPTEMBER 1886,letters/wikisource_vol2_ch8_letter25.html,-1.000000037252903,5.40000007301569
FREDERICK LOCKER,"SEPTEMBER 4, 1886",letters/wikisource_vol2_ch8_letter26.html,0.7000000178813934,1.9000000655651093
FREDERICK LOCKER,SEPTEMBER 1886,letters/wikisource_vol2_ch8_letter27.html,-0.5,6.500000059604645
FREDERICK LOCKER,SEPTEMBER 1886,letters/wikisource_vol2_ch8_letter28.html,0.8999999389052391,7.100000016391277
FREDERICK LOCKER,24TH SEPTEMBER 1886,letters/wikisource_vol2_ch8_letter29.html,-0.2999999672174454,3.3000000566244125
MR. AND MRS. THOMAS STEVENSON,"JANUARY 1ST, 1886",letters/wikisource_vol2_ch8_letter3.html,0.7999999895691872,9.400000043213367
SIDNEY COLVIN,"DEC. 14, 1886",letters/wikisource_vol2_ch8_letter30.html,1.199999988079071,4.200000062584877
FREDERICK LOCKER,"FEBRUARY 5TH, 1887",letters/wikisource_vol2_ch8_letter31.html,1.4901161193847656e-08,1.600000038743019
HENRY JAMES,FEBRUARY 1887,letters/wikisource_vol2_ch8_letter32.html,-0.9999999031424522,4.8000000193715096
W. H. LOW,APRIL 1887,letters/wikisource_vol2_ch8_letter33.html,2.200000047683716,4.000000059604645
ALISON CUNNINGHAM,"APRIL 16TH, 1887",letters/wikisource_vol2_ch8_letter34.html,0.20000000298023224,8.800000041723251
SIDNEY COLVIN,JUNE 1887,letters/wikisource_vol2_ch8_letter35.html,1.3999999836087227,6.600000120699406
W. H. LOW,"JAN. 2ND, 1886",letters/wikisource_vol2_ch8_letter4.html,2.199999988079071,14.000000104308128
EDMUND GOSSE,"JAN. 2ND, 1886",letters/wikisource_vol2_ch8_letter5.html,3.000000074505806,15.400000125169754
JAMES PAYN,"JAN. 2ND, 1886",letters/wikisource_vol2_ch8_letter6.html,1.6000000089406967,8.000000074505806
W. H. LOW,"JAN. SOMETHINGOROTHER-TH, 1886",letters/wikisource_vol2_ch8_letter7.html,0.8999999612569809,3.1000000089406967
THOMAS STEVENSON,"JANUARY 25, 1886",letters/wikisource_vol2_ch8_letter8.html,1.4000000581145287,6.200000129640102
C. W. STODDARD,"FEB. 13TH, 1886",letters/wikisource_vol2_ch8_letter9.html,-0.2999999076128006,7.10000005364418
W. E. HENLEY,AUGUST 1887,letters/wikisource_vol2_ch9_letter1.html,0.6000000238418579,2.200000062584877
R. A. M. STEVENSON,OCTOBER 1887,letters/wikisource_vol2_ch9_letter10.html,3.9000000655651093,8.500000193715096
EDMUND GOSSE,"OCT. 8TH, 1887",letters/wikisource_vol2_ch9_letter11.html,3.499999985098839,4.700000002980232
W. H. LOW,OCTOBER 1887,letters/wikisource_vol2_ch9_letter12.html,-1.900000013411045,3.1000000163912773
WILLIAM ARCHER.,OCTOBER 1887,letters/wikisource_vol2_ch9_letter13.html,3.90000007301569,6.300000064074993
HENRY JAMES,OCTOBER 1887,letters/wikisource_vol2_ch9_letter14.html,4.700000055134296,5.90000007301569
CHARLES BAXTER,18TH NOVEMBER 1887,letters/wikisource_vol2_ch9_letter15.html,1.8999999985098839,3.700000025331974
CHARLES SCRIBNER,"NOVEMBER 20 OR 21, 1887",letters/wikisource_vol2_ch9_letter16.html,0.20000001043081284,3.6000000908970833
E. L. BURLINGAME,NOVEMBER 1887,letters/wikisource_vol2_ch9_letter17.html,-2.5000000074505806,6.9000000432133675
E. L. BURLINGAME,NOVEMBER 1887,letters/wikisource_vol2_ch9_letter18.html,1.5999999567866325,3.8000000044703484
J. A. SYMONDS,"NOVEMBER 21, 1887",letters/wikisource_vol2_ch9_letter19.html,-3.800000160932541,16.000000178813934
W. H. LOW,"August 6TH, 1887",letters/wikisource_vol2_ch9_letter2.html,1.4000000059604645,2.0000000298023224
W. E. HENLEY,DECEMBER 1887,letters/wikisource_vol2_ch9_letter20.html,-0.10000002384185791,5.499999985098839
MRS. FLEEMING JENKIN,DECEMBER 1887,letters/wikisource_vol2_ch9_letter21.html,2.499999977648258,6.90000007301569
MISS ADELAIDE BOODLE,DECEMBER 1887,letters/wikisource_vol2_ch9_letter22.html,-0.9000000581145287,5.499999977648258
CHARLES BAXTER,12TH DECEMBER '87,letters/wikisource_vol2_ch9_letter23.html,0.19999997317790985,2.4000000208616257
MISS MONROE,"DECEMBER 19, 1887",letters/wikisource_vol2_ch9_letter24.html,3.8000000342726707,5.200000040233135
HENRY JAMES,WINTER 1887-8,letters/wikisource_vol2_ch9_letter25.html,1.7999999597668648,8.000000022351742
SIDNEY COLVIN,DECEMBER 1887,letters/wikisource_vol2_ch9_letter26.html,4.6000000461936,6.000000067055225
SIDNEY COLVIN,"DECEMBER 24, 1887",letters/wikisource_vol2_ch9_letter27.html,2.8999999836087227,6.6999999806284904
MISS ADELAIDE BOODLE,CHRISTMAS 1887,letters/wikisource_vol2_ch9_letter28.html,0.9000000283122063,5.500000141561031
CHARLES BAXTER,JANUARY '88,letters/wikisource_vol2_ch9_letter29.html,0.7999999970197678,2.400000050663948
MISS ADELAIDE BOODLE,"AUGUST 19TH, 1887",letters/wikisource_vol2_ch9_letter3.html,-0.700000025331974,1.3000000342726707
E. L. BURLINGAME,WINTER 1887-8,letters/wikisource_vol2_ch9_letter30.html,5.500000067055225,7.100000120699406
WILLIAM ARCHER,WINTER 1887-8,letters/wikisource_vol2_ch9_letter31.html,5.200000084936619,8.000000037252903
WILLIAM ARCHER,FEBRUARY 1888,letters/wikisource_vol2_ch9_letter32.html,-3.1000000163912773,5.100000075995922
WILLIAM ARCHER,SPRING 1888,letters/wikisource_vol2_ch9_letter33.html,-0.5000000074505806,1.7000000402331352
E. L. BURLINGAME,FEBRUARY 1888,letters/wikisource_vol2_ch9_letter34.html,-0.3999999836087227,2.200000010430813
E. L. BURLINGAME,FEBRUARY 1888,letters/wikisource_vol2_ch9_letter35.html,-1.1999999955296516,5.000000067055225
SIDNEY COLVIN,MARCH 1888,letters/wikisource_vol2_ch9_letter36.html,2.5999999716877937,8.800000049173832
THE REV. DR. CHARTERIS,WINTER 1887-1888,letters/wikisource_vol2_ch9_letter37.html,1.3999999910593033,1.3999999910593033
HENRY JAMES,MARCH 1888,letters/wikisource_vol2_ch9_letter38.html,3.499999985098839,6.500000059604645
THE REV. DR. CHARTERIS,SPRING 1888,letters/wikisource_vol2_ch9_letter39.html,5.200000047683716,5.60000005364418
MESSRS. CHATTO AND WINDUS,AUGUST 1887,letters/wikisource_vol2_ch9_letter4.html,1.4000000357627869,1.600000038743019
S. R. CROCKETT,SPRING 1888,letters/wikisource_vol2_ch9_letter40.html,-0.9000000581145287,4.900000102818012
MISS FERRIER,APRIL 1888,letters/wikisource_vol2_ch9_letter41.html,-2.8999999687075615,6.299999974668026
SIDNEY COLVIN,APRIL 9TH!! 1888,letters/wikisource_vol2_ch9_letter42.html,0.5000000819563866,7.100000090897083
MISS ADELAIDE BOODLE,APRIL 1888,letters/wikisource_vol2_ch9_letter43.html,0.6999999210238457,7.9000000432133675
CHARLES BAXTER,11TH MAY 1888,letters/wikisource_vol2_ch9_letter44.html,-0.8999999761581421,2.100000023841858
HOMER ST. GAUDENS,27TH MAY 1888,letters/wikisource_vol2_ch9_letter45.html,1.599999986588955,2.399999998509884
HENRY JAMES,"MAY 28TH, 1888",letters/wikisource_vol2_ch9_letter46.html,3.300000011920929,5.0999999940395355
SIDNEY COLVIN,AUGUST [1887,letters/wikisource_vol2_ch9_letter5.html,1.8000000193715096,4.800000078976154
SIDNEY COLVIN,SEPTEMBER 1887,letters/wikisource_vol2_ch9_letter6.html,3.200000025331974,8.400000102818012
HENRY JAMES,SEPTEMBER 1887,letters/wikisource_vol2_ch9_letter7.html,0.6000000238418579,2.600000023841858
SIDNEY COLVIN,SEPTEMBER 1887,letters/wikisource_vol2_ch9_letter8.html,4.699999935925007,6.099999971687794
W. E. HENLEY,SEPTEMBER 1887,letters/wikisource_vol2_ch9_letter9.html,2.2000000551342964,2.4000000581145287
